{
  "version": "7",
  "dialect": "postgresql",
  "entries": [
    {
      "idx": 0,
      "version": "7",
      "when": 1756737427082,
      "tag": "0000_past_red_ghost",
      "breakpoints": true
    },
    {
      "idx": 1,
      "version": "7",
      "when": 1756886084512,
      "tag": "0001_flat_genesis",
      "breakpoints": true
    },
    {
      "idx": 2,
      "version": "7",
      "when": 1757080678417,
      "tag": "0002_equal_slyde",
      "breakpoints": true
    },
    {
      "idx": 3,
      "version": "7",
      "when": 1757129321535,
      "tag": "0003_sleepy_alex_wilder",
      "breakpoints": true
    },
    {
      "idx": 4,
      "version": "7",
      "when": 1757794795808,
      "tag": "0004_crazy_sphinx",
      "breakpoints": true
    },
    {
      "idx": 5,
      "version": "7",
      "when": 1758020306089,
      "tag": "0005_dry_khan",
      "breakpoints": true
    },
    {
      "idx": 6,
      "version": "7",
      "when": 1758021564574,
      "tag": "0006_smiling_juggernaut",
      "breakpoints": true
    },
    {
      "idx": 7,
      "version": "7",
      "when": 1758359792703,
      "tag": "0007_last_wraith",
      "breakpoints": true
    },
    {
      "idx": 8,
      "version": "7",
      "when": 1758361937363,
      "tag": "0008_productive_spirit",
      "breakpoints": true
    },
    {
      "idx": 9,
      "version": "7",
      "when": 1758384330781,
      "tag": "0009_same_mauler",
      "breakpoints": true
    },
    {
      "idx": 10,
      "version": "7",
      "when": 1758384555707,
      "tag": "0010_slippery_mystique",
      "breakpoints": true
    },
    {
      "idx": 11,
      "version": "7",
      "when": 1758446649152,
      "tag": "0011_fast_joshua_kane",
      "breakpoints": true
    },
    {
      "idx": 12,
      "version": "7",
      "when": 1758465722881,
      "tag": "0012_public_azazel",
      "breakpoints": true
    },
    {
      "idx": 13,
      "version": "7",
      "when": 1759057426500,
      "tag": "0013_reflective_puck",
      "breakpoints": true
    },
    {
      "idx": 14,
      "version": "7",
      "when": 1759167267134,
      "tag": "0014_white_amphibian",
      "breakpoints": true
    },
    {
      "idx": 15,
      "version": "7",
      "when": 1759169290574,
      "tag": "0015_slippery_mentor",
      "breakpoints": true
    },
    {
      "idx": 16,
      "version": "7",
      "when": 1759572710212,
      "tag": "0016_dusty_lady_bullseye",
      "breakpoints": true
    },
    {
      "idx": 17,
      "version": "7",
      "when": 1759572965087,
      "tag": "0017_legal_invaders",
      "breakpoints": true
    },
    {
      "idx": 18,
      "version": "7",
      "when": 1759617429075,
      "tag": "0018_green_paibok",
      "breakpoints": true
    },
    {
      "idx": 19,
      "version": "7",
      "when": 1760144469819,
      "tag": "0019_clever_proteus",
      "breakpoints": true
    },
    {
      "idx": 20,
      "version": "7",
      "when": 1760176085346,
      "tag": "0020_lazy_shotgun",
      "breakpoints": true
    },
    {
      "idx": 21,
      "version": "7",
      "when": 1760177980314,
      "tag": "0021_melted_omega_sentinel",
      "breakpoints": true
    },
    {
      "idx": 22,
      "version": "7",
      "when": 1760293163073,
      "tag": "0022_robust_maverick",
      "breakpoints": true
    },
    {
      "idx": 23,
      "version": "7",
      "when": 1760367474479,
      "tag": "0023_dashing_red_ghost",
      "breakpoints": true
    },
    {
      "idx": 24,
      "version": "7",
      "when": 1760556717305,
      "tag": "0024_easy_white_tiger",
      "breakpoints": true
    },
    {
      "idx": 25,
      "version": "7",
      "when": 1760792407879,
      "tag": "0025_late_lord_tyger",
      "breakpoints": true
    },
    {
      "idx": 26,
      "version": "7",
      "when": 1760792706750,
      "tag": "0026_redundant_zeigeist",
      "breakpoints": true
    },
    {
      "idx": 27,
      "version": "7",
      "when": 1760800667142,
      "tag": "0027_crazy_thanos",
      "breakpoints": true
    },
    {
      "idx": 28,
      "version": "7",
      "when": 1760877643993,
      "tag": "0028_secret_power_pack",
      "breakpoints": true
    },
    {
      "idx": 29,
      "version": "7",
      "when": 1761253694668,
      "tag": "0029_gorgeous_vulture",
      "breakpoints": true
    },
    {
      "idx": 30,
      "version": "7",
      "when": 1761262393388,
      "tag": "0030_material_exiles",
      "breakpoints": true
    },
    {
      "idx": 31,
      "version": "7",
      "when": 1761262503301,
      "tag": "0031_dear_boomer",
      "breakpoints": true
    },
    {
      "idx": 32,
      "version": "7",
      "when": 1761264705020,
      "tag": "0032_sleepy_raider",
      "breakpoints": true
    },
    {
      "idx": 33,
      "version": "7",
      "when": 1762583635178,
      "tag": "0033_eminent_killmonger",
      "breakpoints": true
    },
    {
      "idx": 34,
      "version": "7",
      "when": 1762698066812,
      "tag": "0034_lame_wolfsbane",
      "breakpoints": true
    },
    {
      "idx": 35,
      "version": "7",
      "when": 1763101106468,
      "tag": "0035_uneven_dazzler",
      "breakpoints": true
    },
    {
      "idx": 36,
      "version": "7",
      "when": 1765912337135,
      "tag": "0036_warm_jack_murdock",
      "breakpoints": true
    }
  ]
}